{"root":[{"assemblyName":"Unity.MemoryProfiler","nameSpace":"Unity.MemoryProfiler","className":"MetadataInjector","methodName":"PlayerInitMetadata","loadTypes":3,"isUnityClass":true},{"assemblyName":"Engine","nameSpace":"","className":"UnityAnalyticsBridge","methodName":"BeforeSceneLoad","loadTypes":1,"isUnityClass":false},{"assemblyName":"Rewired_Android","nameSpace":"Rewired.Platforms.Android","className":"AndroidUnityInputHelper","methodName":"Initialize","loadTypes":1,"isUnityClass":false}]}
